{
    "$schema": "https://schema.management.azure.com/schemas/2015-01-01/deploymentParameters.json#",
    "contentVersion": "1.0.0.0",
    "parameters": {
        "virtualMachines_Virtual_Sistemas_name": {
            "value": null
        },
        "virtualMachines_virtual_desarrollo_name": {
            "value": null
        },
        "publicIPAddresses_Virtual_Sistemas_ip_name": {
            "value": null
        },
        "virtualNetworks_Virtual_Sistemas_vnet_name": {
            "value": null
        },
        "networkInterfaces_virtual_sistemas69_z3_name": {
            "value": null
        },
        "publicIPAddresses_virtual_desarrollo_ip_name": {
            "value": null
        },
        "networkInterfaces_virtual_desarrollo545_z3_name": {
            "value": null
        },
        "networkSecurityGroups_Virtual_Sistemas_nsg_name": {
            "value": null
        },
        "networkSecurityGroups_virtual_desarrollo_nsg_name": {
            "value": null
        }
    }
}