{
    "$schema": "https://schema.management.azure.com/schemas/2015-01-01/deploymentParameters.json#",
    "contentVersion": "1.0.0.0",
    "parameters": {
        "storageAccounts_iesdis_name": {
            "value": null
        },
        "sshPublicKeys_clavenueva_name": {
            "value": null
        },
        "publicIPAddresses_myVm_ip_name": {
            "value": null
        },
        "sshPublicKeys_clienteclave_name": {
            "value": null
        },
        "virtualNetworks_aadds_vnet_name": {
            "value": null
        },
        "sshPublicKeys_clavescliente_name": {
            "value": null
        },
        "virtualMachines_win_srvr_2k22_name": {
            "value": null
        },
        "networkInterfaces_red_interna_name": {
            "value": null
        },
        "networkSecurityGroups_aadds_nsg_name": {
            "value": null
        },
        "networkSecurityGroups_cliente3_nsg_name": {
            "value": null
        },
        "publicIPAddresses_win_srvr_2k22_ip_name": {
            "value": null
        },
        "virtualNetworks_win_srvr_2k22_vnet_name": {
            "value": null
        },
        "publicIPAddresses_maquinacliente_ip_name": {
            "value": null
        },
        "networkInterfaces_win_srvr_2k22672_z3_name": {
            "value": null
        },
        "networkSecurityGroups_win_srvr_2k22_nsg_name": {
            "value": null
        },
        "networkSecurityGroups_basicNsgred_interna_name": {
            "value": null
        },
        "schedules_shutdown_computevm_win_srvr_2k22_name": {
            "value": null
        }
    }
}